fecha,total_usd,resultado_pct,hodl_btc,plan_sin_tocar,usdt,posiciones,operaciones
2026-10-07 23:06 UTC,1000.0,0.0,1000.0,,1000.0,0,0
2026-10-07 23:44 UTC,999.28,-0.07,1001.42,,500.0,3,3
2026-10-08 00:35 UTC,992.33,-0.77,1000.38,,594.81,2,4
2026-10-08 01:32 UTC,995.44,-0.46,1000.39,,594.81,2,4
2026-10-08 02:32 UTC,996.35,-0.37,999.26,,394.81,3,5
2026-10-08 03:32 UTC,994.33,-0.57,997.04,,394.81,3,5
2026-10-08 04:32 UTC,994.14,-0.59,995.27,,394.81,3,5
2026-10-08 05:32 UTC,998.59,-0.14,996.03,,394.81,3,5
2026-10-08 06:32 UTC,993.28,-0.67,991.72,,394.81,3,5
2026-10-08 07:32 UTC,999.64,-0.04,999.39,,394.81,3,5
2026-10-08 08:32 UTC,991.66,-0.83,995.77,,394.81,3,5
2026-10-08 09:32 UTC,992.01,-0.8,998.93,,593.04,2,6
2026-10-08 10:32 UTC,990.35,-0.97,994.66,,593.04,2,6
2026-10-08 11:32 UTC,988.35,-1.16,991.91,,593.04,2,6
2026-10-08 12:32 UTC,987.75,-1.22,990.44,,593.04,2,6
2026-10-08 13:32 UTC,987.02,-1.3,989.54,,493.04,3,7
2026-10-08 14:32 UTC,991.41,-0.86,993.42,,393.04,4,8
2026-10-08 15:32 UTC,974.63,-2.54,977.38,,779.2,1,11
2026-10-08 16:32 UTC,974.44,-2.56,976.46,,779.2,1,11
